Name,Ticker,Sector,Industry,MarketCap,No. of Employees,Address,Revenue,Net Income,P/E Ratio (Trailing),Logo URL,Beta
Target Corporation,TGT,Consumer Defensive,Discount Stores,69476704256,415000,"1000 Nicollet Mall, Minneapolis, MN, 55403, United States",107300003840,4487000064,15.596174,https://companieslogo.com/img/orig/TGT-1accd089.svg?t=1720244494&download=true,0.8327353062763204
Apple Inc.,AAPL,Technology,Consumer Electronics,3371352457216,164000,"One Apple Park Way, Cupertino, CA, 95014, United States",391034994688,93736001536,36.623154,https://companieslogo.com/img/orig/AAPL-56132390.svg?t=1720244490&download=true,1.1814118470557862
Starbucks Corporation,SBUX,Consumer Cyclical,Restaurants,109994844160,,"2401 Utah Avenue South, Seattle, WA, 98134, United States",36176199680,3760900096,29.31722,https://companieslogo.com/img/orig/SBUX-03be444f.svg?t=1720244493&download=true,1.0662129428498437
"Amazon.com, Inc.",AMZN,Consumer Cyclical,Internet Retail,2096060170240,1551000,"410 Terry Avenue North, Seattle, WA, 98109-5210, United States",620127977472,49868001280,42.594017,https://companieslogo.com/img/orig/AMZN-434f1137.svg?t=1722944001&download=true,1.0743358586455614
NVIDIA Corporation,NVDA,Technology,Semiconductors,3426845720576,29600,"2788 San Tomas Expressway, Santa Clara, CA, 95051, United States",96307003392,53007998976,65.280464,https://companieslogo.com/img/orig/NVDA-df4c2377.svg?t=1722952498&download=true,1.7626249015874413
"Tesla, Inc.",TSLA,Consumer Cyclical,Auto Manufacturers,816607199232,140473,"1 Tesla Road, Austin, TX, 78725, United States",97150001152,12743000064,69.88736,https://companieslogo.com/img/orig/TSLA-0a331c14.svg?t=1722952499&download=true,1.5528612141349623
Walmart Inc.,WMT,Consumer Defensive,Discount Stores,671917277184,2100000,"702 South West 8th Street, Bentonville, AR, 72716, United States",665035014144,15552000000,43.536457,https://companieslogo.com/img/orig/WMT-0dd31069.svg?t=1722952500&download=true,0.46587525364934507
Microsoft Corporation,MSFT,Technology,Software - Infrastructure,3059638861824,228000,"One Microsoft Way, Redmond, WA, 98052-6399, United States",254189993984,90511998976,34.03846,https://companieslogo.com/img/orig/MSFT-7d7cf874.svg?t=1722952497&download=true,1.1759151985908796
Markel Group Inc.,MKL,Financial Services,Insurance - Property & Casualty,20050460672,21600,"4521 Highwoods Parkway, Glen Allen, VA, 23060-6148, United States",17422280704,2849008128,7.1916175,https://companieslogo.com/img/orig/MKL-4c85d16b.svg?t=1720244492&download=true,0.9668312128319507
Oracle Corporation,ORCL,Technology,Software - Infrastructure,474585595904,159000,"2300 Oracle Way, Austin, TX, 78741, United States",53815001088,10976000000,44.14046,https://companieslogo.com/img/orig/ORCL-61971846.svg?t=1720244493&download=true,0.9415890724052266
"Netflix, Inc.",NFLX,Communication Services,Entertainment,326577913856,13000,"121 Albright Way, Los Gatos, CA, 95032, United States",37587279872,7780861952,43.21267,https://companieslogo.com/img/orig/NFLX-088e1a49.svg?t=1720244493&download=true,1.022402566667315
